flowtype,ratio
encrypted,0.9947028637642774
unencrypted,0.005297136235722562
unknown,0.0
