flowtype,ratio
encrypted,0.9885345754209961
unencrypted,0.01146542457900394
unknown,0.0
