flowtype,ratio
encrypted,0.9857759535772416
unencrypted,0.0
unknown,0.014224046422758475
