flowtype,ratio
encrypted,0.6981599525149036
unencrypted,0.0628919455985961
unknown,0.23894810188650029
