flowtype,ratio
encrypted,0.9754109949999358
unencrypted,0.0012468026581318526
unknown,0.023342202341932416
