flowtype,ratio
encrypted,0.994807723511277
unencrypted,0.005192276488723025
unknown,0.0
