flowtype,ratio
encrypted,0.9446960893589774
unencrypted,0.006782555078615979
unknown,0.04852135556240662
