flowtype,ratio
encrypted,0.9374614435533621
unencrypted,0.0024676125848241827
unknown,0.0600709438618137
