flowtype,ratio
encrypted,0.9718416753495671
unencrypted,0.013288053615302487
unknown,0.014870271035130372
