flowtype,ratio
encrypted,0.9987919969799924
unencrypted,0.0012080030200075501
unknown,0.0
