flowtype,ratio
encrypted,0.697897059778023
unencrypted,0.08028818069708574
unknown,0.22181475952489127
