flowtype,ratio
encrypted,0.9960000443208386
unencrypted,0.0013185449468703949
unknown,0.002681410732291055
