flowtype,ratio
encrypted,0.7097580031663138
unencrypted,0.05124699302999774
unknown,0.23899500380368854
