flowtype,ratio
encrypted,0.9980422147445702
unencrypted,0.008137044967880086
unknown,-0.006179259712450291
