flowtype,ratio
encrypted,0.7335861778339654
unencrypted,0.046916701783958424
unknown,0.21949712038207614
