flowtype,ratio
encrypted,0.7832648853542423
unencrypted,0.010995143758549642
unknown,0.20573997088720808
