flowtype,ratio
encrypted,0.403614647674272
unencrypted,0.23474725828816337
unknown,0.3616380940375646
