flowtype,ratio
encrypted,0.6951438297281615
unencrypted,0.012979591972638524
unknown,0.2918765782992
