flowtype,ratio
encrypted,0.8417224921670869
unencrypted,0.010348708981105834
unknown,0.14792879885180724
