flowtype,ratio
encrypted,0.9897480309431578
unencrypted,0.0021065689842826546
unknown,0.008145400072559598
