flowtype,ratio
encrypted,1.0
unencrypted,0.0015166500132547565
unknown,-0.0015166500132547565
