flowtype,ratio
encrypted,0.35133306735589515
unencrypted,0.23271869416642094
unknown,0.4159482384776839
