flowtype,ratio
encrypted,0.8145576316627462
unencrypted,0.03919836468038335
unknown,0.14624400365687049
